Sentiment,avg_pnl,median_pnl,trades,win_rate,avg_notional_usd
Extreme Greed,127.03976606981863,0.319072,9539,0.5315022539050215,4078.957460949785
Greed,62.68860031051784,0.0,37270,0.42956801717198817,3628.8298427689833
Fear,50.688929528595075,0.0,85784,0.411218875314744,4617.698993285461
Neutral,45.01515771911826,0.0,7213,0.39595175377790104,3518.800427006793
Extreme Fear,1.8916322231298366,0.0,2326,0.2927773000859845,4118.761840068787
